{"stat.drop.minecraft.stone_pickaxe":2,"stat.useItem.minecraft.bow":4,"stat.pickup.minecraft.bone":58,"stat.pickup.minecraft.stone_pressure_plate":1,"stat.leaveGame":16,"stat.mineBlock.minecraft.pumpkin":1,"stat.mineBlock.minecraft.cobblestone":4,"stat.pickup.minecraft.stone_pickaxe":5,"stat.craftItem.minecraft.iron_axe":1,"stat.mineBlock.minecraft.brown_mushroom":1,"stat.mineBlock.minecraft.sandstone":3,"stat.swimOneCm":26397,"stat.climbOneCm":209,"stat.pickup.minecraft.enchanted_book":2,"stat.craftItem.minecraft.shield":1,"stat.useItem.minecraft.dirt":25,"stat.useItem.minecraft.stone_slab2":19,"stat.pickup.minecraft.bow":2,"stat.pickup.minecraft.rotten_flesh":43,"stat.pickup.minecraft.sand":81,"stat.craftItem.minecraft.furnace":2,"stat.craftItem.minecraft.stone_axe":3,"stat.craftItem.minecraft.iron_boots":1,"stat.craftItem.minecraft.stone_pickaxe":3,"stat.craftItem.minecraft.cooked_beef":24,"stat.killEntity.Enderman":1,"stat.pickup.minecraft.cobblestone":170,"stat.flyOneCm":1395827,"stat.pickup.minecraft.sandstone":70,"stat.pickup.minecraft.brown_mushroom":1,"stat.mineBlock.minecraft.sand":2,"stat.drop.minecraft.wheat_seeds":7,"stat.useItem.minecraft.cooked_beef":18,"stat.pickup.minecraft.cactus":1,"stat.mineBlock.minecraft.iron_ore":73,"stat.timeSinceDeath":28833,"stat.craftItem.minecraft.wooden_pickaxe":1,"stat.furnaceInteraction":58,"stat.killEntity.ZombieVillager":1,"stat.mineBlock.minecraft.coal_ore":103,"stat.killEntity.Creeper":3,"stat.talkedToVillager":6,"stat.pickup.minecraft.string":40,"stat.pickup.minecraft.beef":27,"stat.pickup.minecraft.furnace":3,"stat.craftItem.minecraft.stone_slab2":0,"stat.drop.minecraft.obsidian":1,"stat.pickup.minecraft.sandstone_stairs":2,"stat.sprintOneCm":202902,"stat.craftItem.minecraft.stick":24,"stat.craftItem.minecraft.wooden_axe":1,"stat.mineBlock.minecraft.crafting_table":5,"stat.killEntity.Husk":6,"stat.useItem.minecraft.carrot":2,"stat.entityKilledBy.Creeper":2,"stat.deaths":2,"stat.drop":16,"stat.pickup.minecraft.egg":3,"stat.playOneMinute":152844,"stat.mineBlock.minecraft.stone_pressure_plate":1,"stat.craftItem.minecraft.iron_pickaxe":1,"stat.killEntity.Zombie":6,"stat.mineBlock.minecraft.tallgrass":81,"stat.diveOneCm":20688,"stat.chestOpened":6,"stat.pickup.minecraft.pumpkin":5,"stat.pickup.minecraft.arrow":14,"stat.drop.minecraft.cooked_beef":6,"stat.pickup.minecraft.stone_axe":5,"stat.mineBlock.minecraft.deadbush":3,"stat.pickup.minecraft.obsidian":1,"stat.jump":1333,"stat.useItem.minecraft.sand":3,"stat.pickup.minecraft.coal":204,"stat.fallOneCm":29480,"stat.pickup.minecraft.iron_ingot":3,"stat.pickup.minecraft.carrot":13,"stat.useItem.minecraft.stone_axe":95,"stat.pickup.minecraft.gunpowder":6,"stat.crouchOneCm":25943,"stat.pickup.minecraft.spider_eye":11,"stat.craftItem.minecraft.iron_ingot":53,"stat.pickup.minecraft.dirt":54,"stat.craftItem.minecraft.iron_helmet":1,"stat.useItem.minecraft.cooked_chicken":2,"stat.craftingTableInteraction":19,"stat.pickup.minecraft.iron_ore":98,"stat.useItem.minecraft.sapling":1,"stat.mineBlock.minecraft.leaves2":4,"stat.mineBlock.minecraft.log2":18,"stat.pickup.minecraft.leather":36,"stat.damageTaken":2377,"stat.pickup.minecraft.feather":12,"stat.mineBlock.minecraft.furnace":3,"stat.useItem.minecraft.wooden_pickaxe":60,"stat.pickup.minecraft.log2":27,"stat.pickup.minecraft.planks":44,"stat.pickup.minecraft.wheat_seeds":112,"stat.useItem.minecraft.stone_pickaxe":282,"stat.craftItem.minecraft.iron_leggings":1,"stat.damageDealt":7194,"stat.killEntity.Cow":12,"stat.mineBlock.minecraft.dirt":29,"stat.walkOneCm":177232,"stat.pickup.minecraft.stick":28,"stat.pickup.minecraft.crafting_table":5,"stat.useItem.minecraft.cobblestone":34,"stat.craftItem.minecraft.crafting_table":2,"stat.mineBlock.minecraft.double_plant":4,"stat.pickup.minecraft.log":12,"stat.pickup.minecraft.iron_pickaxe":1,"stat.craftItem.minecraft.gold_ingot":4,"stat.pickup.minecraft.stone":4,"stat.craftItem.minecraft.iron_chestplate":1,"stat.pickup.minecraft.chicken":2,"stat.pickup.minecraft.sapling":2,"stat.pickup.minecraft.ender_pearl":3,"stat.pickup.minecraft.cooked_beef":10,"stat.killEntity.Skeleton":10,"stat.craftItem.minecraft.planks":60,"stat.killEntity.Chicken":2,"stat.killEntity.Spider":5,"stat.mobKills":44,"stat.mineBlock.minecraft.log":12,"stat.craftItem.minecraft.cooked_chicken":2,"stat.mineBlock.minecraft.leaves":1,"stat.pickup.minecraft.iron_horse_armor":3,"stat.sneakTime":12112,"stat.useItem.minecraft.wooden_axe":44,"stat.mineBlock.minecraft.stone":132,"stat.useItem.minecraft.sandstone":1}