{"stat.drop.minecraft.stone_pickaxe":1,"stat.leaveGame":7,"stat.pickup.minecraft.stone_pickaxe":1,"stat.jump":287,"stat.swimOneCm":10342,"stat.pickup.minecraft.coal":18,"stat.fallOneCm":3046,"stat.climbOneCm":209,"stat.useItem.minecraft.stone_axe":6,"stat.pickup.minecraft.gunpowder":2,"stat.crouchOneCm":10526,"stat.pickup.minecraft.spider_eye":1,"stat.pickup.minecraft.dirt":27,"stat.useItem.minecraft.dirt":1,"stat.useItem.minecraft.stone_slab2":7,"stat.craftingTableInteraction":5,"stat.pickup.minecraft.rotten_flesh":1,"stat.craftItem.minecraft.furnace":1,"stat.useItem.minecraft.sapling":1,"stat.craftItem.minecraft.stone_axe":1,"stat.mineBlock.minecraft.leaves2":4,"stat.mineBlock.minecraft.log2":17,"stat.pickup.minecraft.leather":8,"stat.damageTaken":150,"stat.pickup.minecraft.feather":4,"stat.craftItem.minecraft.stone_pickaxe":1,"stat.useItem.minecraft.wooden_pickaxe":60,"stat.craftItem.minecraft.cooked_beef":14,"stat.pickup.minecraft.cobblestone":106,"stat.pickup.minecraft.log2":17,"stat.flyOneCm":1228262,"stat.pickup.minecraft.wheat_seeds":9,"stat.drop.minecraft.wheat_seeds":7,"stat.useItem.minecraft.stone_pickaxe":83,"stat.useItem.minecraft.cooked_beef":1,"stat.damageDealt":1639,"stat.timeSinceDeath":75480,"stat.killEntity.Cow":6,"stat.mineBlock.minecraft.dirt":27,"stat.craftItem.minecraft.wooden_pickaxe":1,"stat.walkOneCm":46761,"stat.pickup.minecraft.crafting_table":3,"stat.craftItem.minecraft.crafting_table":1,"stat.furnaceInteraction":9,"stat.mineBlock.minecraft.double_plant":2,"stat.mineBlock.minecraft.coal_ore":18,"stat.killEntity.Creeper":1,"stat.pickup.minecraft.log":12,"stat.pickup.minecraft.string":2,"stat.pickup.minecraft.beef":14,"stat.craftItem.minecraft.stone_slab2":0,"stat.pickup.minecraft.chicken":2,"stat.pickup.minecraft.sapling":2,"stat.sprintOneCm":39198,"stat.craftItem.minecraft.stick":20,"stat.craftItem.minecraft.wooden_axe":1,"stat.craftItem.minecraft.planks":56,"stat.killEntity.Chicken":2,"stat.mineBlock.minecraft.crafting_table":3,"stat.killEntity.Spider":1,"stat.mobKills":13,"stat.mineBlock.minecraft.log":12,"stat.craftItem.minecraft.cooked_chicken":2,"stat.drop":8,"stat.mineBlock.minecraft.leaves":1,"stat.pickup.minecraft.egg":1,"stat.playOneMinute":75480,"stat.sneakTime":5592,"stat.killEntity.Zombie":3,"stat.useItem.minecraft.wooden_axe":44,"stat.mineBlock.minecraft.stone":106,"stat.mineBlock.minecraft.tallgrass":48,"stat.diveOneCm":2893}