{"stat.drop.minecraft.stone_pickaxe":2,"stat.useItem.minecraft.bow":4,"stat.pickup.minecraft.bone":60,"stat.pickup.minecraft.stone_pressure_plate":1,"stat.useItem.minecraft.iron_axe":43,"stat.leaveGame":16,"stat.mineBlock.minecraft.pumpkin":1,"stat.mineBlock.minecraft.cobblestone":23,"stat.pickup.minecraft.stone_pickaxe":5,"stat.mineBlock.minecraft.yellow_flower":1,"stat.craftItem.minecraft.iron_axe":1,"stat.mineBlock.minecraft.brown_mushroom":1,"stat.mineBlock.minecraft.sandstone":3,"stat.swimOneCm":37690,"stat.climbOneCm":9481,"stat.pickup.minecraft.enchanted_book":2,"stat.craftItem.minecraft.shield":2,"stat.pickup.minecraft.porkchop":45,"stat.mineBlock.thebetweenlands.druid_stone_6":3,"stat.mineBlock.thebetweenlands.druid_stone_2":1,"stat.useItem.minecraft.dirt":25,"stat.useItem.minecraft.stone_slab2":47,"stat.pickup.minecraft.bow":2,"stat.pickup.minecraft.rotten_flesh":45,"stat.pickup.minecraft.sand":81,"stat.craftItem.minecraft.furnace":2,"stat.useItem.minecraft.egg":1,"stat.craftItem.minecraft.stone_axe":3,"stat.craftItem.minecraft.iron_boots":1,"stat.killEntity.thebetweenlands.dark_druid":9,"stat.craftItem.minecraft.stone_pickaxe":3,"stat.craftItem.minecraft.cooked_beef":29,"stat.killEntity.Enderman":1,"stat.pickup.minecraft.cobblestone":189,"stat.flyOneCm":1583624,"stat.pickup.minecraft.sandstone":70,"stat.pickup.minecraft.brown_mushroom":2,"stat.mineBlock.minecraft.sand":2,"stat.drop.minecraft.wheat_seeds":10,"stat.useItem.minecraft.cooked_beef":23,"stat.pickup.minecraft.cactus":1,"stat.mineBlock.minecraft.iron_ore":73,"stat.timeSinceDeath":79233,"stat.craftItem.minecraft.wooden_pickaxe":1,"stat.pickup.minecraft.mutton":9,"stat.craftItem.minecraft.bed":1,"stat.furnaceInteraction":89,"stat.useItem.minecraft.cooked_porkchop":5,"stat.killEntity.ZombieVillager":1,"stat.mineBlock.minecraft.coal_ore":103,"stat.killEntity.Creeper":3,"stat.talkedToVillager":6,"stat.pickup.minecraft.string":40,"stat.pickup.minecraft.beef":27,"stat.pickup.minecraft.furnace":5,"stat.useItem.minecraft.cooked_mutton":3,"stat.craftItem.minecraft.stone_slab2":0,"stat.drop.minecraft.obsidian":1,"stat.pickup.minecraft.sandstone_stairs":2,"stat.sprintOneCm":409043,"stat.craftItem.minecraft.stick":24,"stat.craftItem.minecraft.wooden_axe":1,"stat.mineBlock.minecraft.crafting_table":6,"stat.killEntity.Husk":6,"stat.useItem.minecraft.carrot":7,"stat.useItem.minecraft.dye":35,"stat.entityKilledBy.Creeper":2,"stat.deaths":2,"stat.drop":22,"stat.pickup.minecraft.egg":3,"stat.pickup.thebetweenlands.swamp_talisman":9,"stat.playOneMinute":203244,"stat.mineBlock.minecraft.stone_pressure_plate":1,"stat.killEntity.Sheep":5,"stat.craftItem.minecraft.iron_pickaxe":1,"stat.killEntity.Zombie":8,"stat.craftItem.minecraft.dye":42,"stat.mineBlock.minecraft.tallgrass":110,"stat.craftItem.minecraft.cooked_mutton":6,"stat.diveOneCm":24437,"stat.chestOpened":6,"stat.pickup.minecraft.pumpkin":5,"stat.pickup.minecraft.arrow":15,"stat.pickup.minecraft.waterlily":1,"stat.drop.minecraft.cooked_beef":6,"stat.craftItem.minecraft.cooked_porkchop":60,"stat.pickup.minecraft.stone_axe":5,"stat.useItem.minecraft.waterlily":1,"stat.mineBlock.minecraft.deadbush":3,"stat.pickup.minecraft.obsidian":1,"stat.jump":2332,"stat.useItem.minecraft.sand":5,"stat.pickup.minecraft.coal":251,"stat.fallOneCm":50276,"stat.pickup.minecraft.iron_ingot":23,"stat.pickup.minecraft.carrot":13,"stat.useItem.minecraft.stone_axe":262,"stat.pickup.minecraft.gunpowder":6,"stat.crouchOneCm":27949,"stat.pickup.minecraft.spider_eye":11,"stat.pickup.thebetweenlands.druid_stone_6":4,"stat.craftItem.minecraft.iron_ingot":56,"stat.pickup.thebetweenlands.druid_stone_4":2,"stat.pickup.minecraft.dirt":54,"stat.craftItem.minecraft.iron_helmet":1,"stat.pickup.thebetweenlands.druid_stone_2":1,"stat.useItem.minecraft.cooked_chicken":2,"stat.craftingTableInteraction":21,"stat.pickup.minecraft.iron_ore":98,"stat.useItem.minecraft.sapling":12,"stat.mineBlock.minecraft.leaves2":4,"stat.mineBlock.minecraft.log2":18,"stat.pickup.minecraft.leather":36,"stat.damageTaken":3356,"stat.pickup.minecraft.feather":15,"stat.mineBlock.minecraft.furnace":5,"stat.mineBlock.minecraft.red_flower":1,"stat.useItem.minecraft.wooden_pickaxe":60,"stat.mineBlock.minecraft.sapling":5,"stat.pickup.minecraft.log2":27,"stat.pickup.minecraft.planks":45,"stat.pickup.minecraft.reeds":1,"stat.pickup.minecraft.bed":4,"stat.pickup.minecraft.wheat_seeds":116,"stat.useItem.minecraft.stone_pickaxe":309,"stat.craftItem.minecraft.iron_leggings":1,"stat.damageDealt":14574,"stat.sleepInBed":2,"stat.killEntity.Cow":12,"stat.mineBlock.minecraft.dirt":29,"stat.killEntity.Pig":23,"stat.walkOneCm":300140,"stat.pickup.minecraft.stick":28,"stat.drop.minecraft.rotten_flesh":2,"stat.pickup.minecraft.crafting_table":6,"stat.useItem.minecraft.cobblestone":60,"stat.craftItem.minecraft.crafting_table":2,"stat.mineBlock.minecraft.double_plant":4,"stat.pickup.minecraft.log":91,"stat.pickup.minecraft.iron_pickaxe":1,"stat.drop.thebetweenlands.swamp_talisman":1,"stat.craftItem.minecraft.gold_ingot":4,"stat.pickup.minecraft.stone":4,"stat.craftItem.minecraft.iron_chestplate":1,"stat.pickup.minecraft.chicken":4,"stat.pickup.minecraft.sapling":28,"stat.pickup.minecraft.ender_pearl":3,"stat.pickup.minecraft.cooked_beef":10,"stat.pickup.minecraft.apple":1,"stat.killEntity.Skeleton":11,"stat.craftItem.minecraft.planks":92,"stat.killEntity.Chicken":4,"stat.killEntity.Spider":5,"stat.mobKills":85,"stat.mineBlock.minecraft.log":90,"stat.craftItem.minecraft.cooked_chicken":4,"stat.mineBlock.minecraft.leaves":25,"stat.pickup.minecraft.iron_horse_armor":3,"stat.pickup.minecraft.red_flower":1,"stat.sneakTime":13563,"stat.pickup.minecraft.wool":7,"stat.useItem.minecraft.wooden_axe":44,"stat.pickup.minecraft.yellow_flower":1,"stat.mineBlock.minecraft.stone":132,"stat.useItem.minecraft.sandstone":1}