{"stat.walkOneCm":38198,"stat.leaveGame":7,"stat.pickup.minecraft.crafting_table":3,"stat.craftItem.minecraft.crafting_table":1,"stat.furnaceInteraction":6,"stat.mineBlock.minecraft.double_plant":2,"stat.killEntity.Creeper":1,"stat.pickup.minecraft.log":12,"stat.pickup.minecraft.string":2,"stat.jump":238,"stat.swimOneCm":10342,"stat.fallOneCm":3046,"stat.climbOneCm":209,"stat.pickup.minecraft.beef":14,"stat.useItem.minecraft.stone_axe":6,"stat.craftItem.minecraft.stone_slab2":0,"stat.pickup.minecraft.gunpowder":2,"stat.crouchOneCm":6058,"stat.pickup.minecraft.chicken":2,"stat.pickup.minecraft.spider_eye":1,"stat.pickup.minecraft.sapling":2,"stat.pickup.minecraft.dirt":27,"stat.useItem.minecraft.dirt":1,"stat.sprintOneCm":38346,"stat.useItem.minecraft.stone_slab2":7,"stat.craftItem.minecraft.stick":20,"stat.craftItem.minecraft.wooden_axe":1,"stat.craftingTableInteraction":5,"stat.pickup.minecraft.rotten_flesh":1,"stat.craftItem.minecraft.furnace":1,"stat.useItem.minecraft.sapling":1,"stat.craftItem.minecraft.planks":56,"stat.killEntity.Chicken":2,"stat.craftItem.minecraft.stone_axe":1,"stat.mineBlock.minecraft.leaves2":4,"stat.mineBlock.minecraft.log2":17,"stat.mineBlock.minecraft.crafting_table":3,"stat.pickup.minecraft.leather":8,"stat.damageTaken":150,"stat.pickup.minecraft.feather":4,"stat.killEntity.Spider":1,"stat.craftItem.minecraft.stone_pickaxe":1,"stat.useItem.minecraft.wooden_pickaxe":60,"stat.craftItem.minecraft.cooked_beef":14,"stat.mobKills":13,"stat.pickup.minecraft.cobblestone":57,"stat.pickup.minecraft.log2":17,"stat.mineBlock.minecraft.log":12,"stat.flyOneCm":1228236,"stat.pickup.minecraft.wheat_seeds":9,"stat.drop":7,"stat.mineBlock.minecraft.leaves":1,"stat.pickup.minecraft.egg":1,"stat.playOneMinute":66545,"stat.drop.minecraft.wheat_seeds":7,"stat.useItem.minecraft.stone_pickaxe":16,"stat.useItem.minecraft.cooked_beef":1,"stat.sneakTime":4061,"stat.damageDealt":1639,"stat.killEntity.Zombie":3,"stat.timeSinceDeath":66545,"stat.useItem.minecraft.wooden_axe":44,"stat.killEntity.Cow":6,"stat.mineBlock.minecraft.dirt":27,"stat.craftItem.minecraft.wooden_pickaxe":1,"stat.mineBlock.minecraft.stone":57,"stat.mineBlock.minecraft.tallgrass":48,"stat.diveOneCm":2893}