{"stat.drop.minecraft.stone_pickaxe":2,"stat.chestOpened":6,"stat.pickup.minecraft.pumpkin":2,"stat.pickup.minecraft.bone":33,"stat.pickup.minecraft.stone_pressure_plate":1,"stat.leaveGame":7,"stat.pickup.minecraft.arrow":6,"stat.drop.minecraft.cooked_beef":6,"stat.mineBlock.minecraft.pumpkin":1,"stat.mineBlock.minecraft.cobblestone":1,"stat.pickup.minecraft.stone_pickaxe":3,"stat.pickup.minecraft.stone_axe":1,"stat.mineBlock.minecraft.deadbush":3,"stat.mineBlock.minecraft.sandstone":3,"stat.jump":974,"stat.swimOneCm":11411,"stat.useItem.minecraft.sand":3,"stat.pickup.minecraft.coal":37,"stat.fallOneCm":22393,"stat.climbOneCm":209,"stat.pickup.minecraft.carrot":6,"stat.useItem.minecraft.stone_axe":71,"stat.pickup.minecraft.gunpowder":4,"stat.crouchOneCm":14096,"stat.pickup.minecraft.spider_eye":5,"stat.pickup.minecraft.dirt":45,"stat.useItem.minecraft.dirt":15,"stat.useItem.minecraft.stone_slab2":15,"stat.useItem.minecraft.cooked_chicken":2,"stat.craftingTableInteraction":8,"stat.pickup.minecraft.iron_ore":17,"stat.pickup.minecraft.rotten_flesh":29,"stat.pickup.minecraft.sand":39,"stat.craftItem.minecraft.furnace":1,"stat.useItem.minecraft.sapling":1,"stat.craftItem.minecraft.stone_axe":2,"stat.mineBlock.minecraft.leaves2":4,"stat.mineBlock.minecraft.log2":18,"stat.pickup.minecraft.leather":24,"stat.damageTaken":1360,"stat.pickup.minecraft.feather":8,"stat.craftItem.minecraft.stone_pickaxe":2,"stat.mineBlock.minecraft.furnace":1,"stat.useItem.minecraft.wooden_pickaxe":60,"stat.craftItem.minecraft.cooked_beef":24,"stat.killEntity.Enderman":1,"stat.pickup.minecraft.cobblestone":127,"stat.pickup.minecraft.log2":27,"stat.pickup.minecraft.planks":24,"stat.flyOneCm":1347232,"stat.pickup.minecraft.sandstone":36,"stat.pickup.minecraft.wheat_seeds":27,"stat.mineBlock.minecraft.sand":2,"stat.drop.minecraft.wheat_seeds":7,"stat.useItem.minecraft.stone_pickaxe":130,"stat.useItem.minecraft.cooked_beef":11,"stat.pickup.minecraft.cactus":1,"stat.damageDealt":5828,"stat.mineBlock.minecraft.iron_ore":17,"stat.timeSinceDeath":5393,"stat.killEntity.Cow":12,"stat.mineBlock.minecraft.dirt":28,"stat.craftItem.minecraft.wooden_pickaxe":1,"stat.walkOneCm":128538,"stat.pickup.minecraft.stick":16,"stat.pickup.minecraft.crafting_table":3,"stat.useItem.minecraft.cobblestone":28,"stat.craftItem.minecraft.crafting_table":2,"stat.furnaceInteraction":12,"stat.mineBlock.minecraft.double_plant":4,"stat.killEntity.ZombieVillager":1,"stat.mineBlock.minecraft.coal_ore":37,"stat.killEntity.Creeper":3,"stat.talkedToVillager":6,"stat.pickup.minecraft.log":12,"stat.pickup.minecraft.string":21,"stat.pickup.minecraft.beef":27,"stat.pickup.minecraft.furnace":1,"stat.craftItem.minecraft.stone_slab2":0,"stat.pickup.minecraft.chicken":2,"stat.pickup.minecraft.sandstone_stairs":1,"stat.pickup.minecraft.sapling":2,"stat.pickup.minecraft.ender_pearl":2,"stat.sprintOneCm":144161,"stat.pickup.minecraft.cooked_beef":8,"stat.craftItem.minecraft.stick":20,"stat.craftItem.minecraft.wooden_axe":1,"stat.killEntity.Skeleton":5,"stat.craftItem.minecraft.planks":56,"stat.killEntity.Chicken":2,"stat.mineBlock.minecraft.crafting_table":3,"stat.killEntity.Spider":3,"stat.killEntity.Husk":6,"stat.mobKills":35,"stat.mineBlock.minecraft.log":12,"stat.entityKilledBy.Creeper":1,"stat.craftItem.minecraft.cooked_chicken":2,"stat.deaths":1,"stat.drop":15,"stat.mineBlock.minecraft.leaves":1,"stat.pickup.minecraft.egg":2,"stat.pickup.minecraft.iron_horse_armor":2,"stat.playOneMinute":113280,"stat.mineBlock.minecraft.stone_pressure_plate":1,"stat.sneakTime":7058,"stat.killEntity.Zombie":5,"stat.useItem.minecraft.wooden_axe":44,"stat.mineBlock.minecraft.stone":108,"stat.mineBlock.minecraft.tallgrass":81,"stat.diveOneCm":5650,"stat.useItem.minecraft.sandstone":1}