{"stat.drop.minecraft.stone_pickaxe":2,"stat.chestOpened":6,"stat.pickup.minecraft.pumpkin":5,"stat.pickup.minecraft.bone":58,"stat.pickup.minecraft.stone_pressure_plate":1,"stat.leaveGame":7,"stat.pickup.minecraft.arrow":14,"stat.drop.minecraft.cooked_beef":6,"stat.mineBlock.minecraft.pumpkin":1,"stat.mineBlock.minecraft.cobblestone":1,"stat.pickup.minecraft.stone_pickaxe":4,"stat.pickup.minecraft.stone_axe":4,"stat.mineBlock.minecraft.deadbush":3,"stat.mineBlock.minecraft.sandstone":3,"stat.jump":1177,"stat.swimOneCm":21359,"stat.useItem.minecraft.sand":3,"stat.pickup.minecraft.coal":37,"stat.fallOneCm":26107,"stat.climbOneCm":209,"stat.pickup.minecraft.enchanted_book":2,"stat.craftItem.minecraft.shield":1,"stat.pickup.minecraft.iron_ingot":2,"stat.pickup.minecraft.carrot":11,"stat.useItem.minecraft.stone_axe":91,"stat.pickup.minecraft.gunpowder":6,"stat.crouchOneCm":19075,"stat.pickup.minecraft.spider_eye":11,"stat.craftItem.minecraft.iron_ingot":10,"stat.pickup.minecraft.dirt":52,"stat.useItem.minecraft.dirt":25,"stat.useItem.minecraft.stone_slab2":17,"stat.pickup.minecraft.bow":2,"stat.useItem.minecraft.cooked_chicken":2,"stat.craftingTableInteraction":11,"stat.pickup.minecraft.iron_ore":90,"stat.pickup.minecraft.rotten_flesh":43,"stat.pickup.minecraft.sand":78,"stat.craftItem.minecraft.furnace":2,"stat.useItem.minecraft.sapling":1,"stat.craftItem.minecraft.stone_axe":2,"stat.mineBlock.minecraft.leaves2":4,"stat.mineBlock.minecraft.log2":18,"stat.pickup.minecraft.leather":36,"stat.damageTaken":2160,"stat.pickup.minecraft.feather":12,"stat.craftItem.minecraft.stone_pickaxe":2,"stat.mineBlock.minecraft.furnace":1,"stat.useItem.minecraft.wooden_pickaxe":60,"stat.craftItem.minecraft.cooked_beef":24,"stat.killEntity.Enderman":1,"stat.pickup.minecraft.cobblestone":153,"stat.pickup.minecraft.log2":27,"stat.pickup.minecraft.planks":28,"stat.flyOneCm":1370248,"stat.pickup.minecraft.sandstone":56,"stat.pickup.minecraft.wheat_seeds":112,"stat.mineBlock.minecraft.sand":2,"stat.drop.minecraft.wheat_seeds":7,"stat.useItem.minecraft.stone_pickaxe":188,"stat.useItem.minecraft.cooked_beef":16,"stat.pickup.minecraft.cactus":1,"stat.damageDealt":7014,"stat.mineBlock.minecraft.iron_ore":67,"stat.timeSinceDeath":1869,"stat.killEntity.Cow":12,"stat.mineBlock.minecraft.dirt":28,"stat.craftItem.minecraft.wooden_pickaxe":1,"stat.walkOneCm":156020,"stat.pickup.minecraft.stick":28,"stat.pickup.minecraft.crafting_table":4,"stat.useItem.minecraft.cobblestone":28,"stat.craftItem.minecraft.crafting_table":2,"stat.furnaceInteraction":28,"stat.mineBlock.minecraft.double_plant":4,"stat.killEntity.ZombieVillager":1,"stat.mineBlock.minecraft.coal_ore":37,"stat.killEntity.Creeper":3,"stat.talkedToVillager":6,"stat.pickup.minecraft.log":12,"stat.pickup.minecraft.string":40,"stat.pickup.minecraft.beef":27,"stat.pickup.minecraft.iron_pickaxe":1,"stat.pickup.minecraft.furnace":1,"stat.craftItem.minecraft.stone_slab2":0,"stat.craftItem.minecraft.gold_ingot":4,"stat.pickup.minecraft.stone":2,"stat.pickup.minecraft.chicken":2,"stat.pickup.minecraft.sandstone_stairs":2,"stat.pickup.minecraft.sapling":2,"stat.pickup.minecraft.ender_pearl":3,"stat.sprintOneCm":176938,"stat.pickup.minecraft.cooked_beef":10,"stat.craftItem.minecraft.stick":24,"stat.craftItem.minecraft.wooden_axe":1,"stat.killEntity.Skeleton":10,"stat.craftItem.minecraft.planks":60,"stat.killEntity.Chicken":2,"stat.mineBlock.minecraft.crafting_table":4,"stat.killEntity.Spider":5,"stat.killEntity.Husk":6,"stat.mobKills":42,"stat.mineBlock.minecraft.log":12,"stat.entityKilledBy.Creeper":2,"stat.craftItem.minecraft.cooked_chicken":2,"stat.deaths":2,"stat.drop":15,"stat.mineBlock.minecraft.leaves":1,"stat.pickup.minecraft.egg":3,"stat.pickup.minecraft.iron_horse_armor":3,"stat.playOneMinute":125880,"stat.mineBlock.minecraft.stone_pressure_plate":1,"stat.sneakTime":9300,"stat.craftItem.minecraft.iron_pickaxe":1,"stat.killEntity.Zombie":5,"stat.useItem.minecraft.wooden_axe":44,"stat.mineBlock.minecraft.stone":116,"stat.mineBlock.minecraft.tallgrass":81,"stat.diveOneCm":9345,"stat.useItem.minecraft.sandstone":1}