{"stat.drop.minecraft.stone_pickaxe":2,"stat.pickup.minecraft.bone":22,"stat.useItem.minecraft.iron_axe":363,"stat.leaveGame":1,"stat.mineBlock.minecraft.cobblestone":7,"stat.mineBlock.minecraft.pumpkin":1,"stat.pickup.minecraft.stone_pickaxe":4,"stat.craftItem.minecraft.iron_axe":4,"stat.mineBlock.minecraft.sandstone":10,"stat.swimOneCm":49620,"stat.useItem.minecraft.planks":3,"stat.pickup.minecraft.enchanted_book":4,"stat.craftItem.minecraft.shield":1,"stat.climbOneCm":7930,"stat.mineBlock.thebetweenlands.druid_stone_1":1,"stat.mineBlock.thebetweenlands.druid_stone_6":1,"stat.pickup.minecraft.porkchop":35,"stat.mineBlock.thebetweenlands.druid_stone_4":2,"stat.useItem.minecraft.stone_slab2":22,"stat.pickup.minecraft.iron_boots":1,"stat.useItem.minecraft.water_bucket":28,"stat.pickup.minecraft.rotten_flesh":13,"stat.useItem.thebetweenlands.log_weedwood":2,"stat.pickup.minecraft.sand":17,"stat.craftItem.minecraft.furnace":2,"stat.pickup.minecraft.enchanting_table":2,"stat.craftItem.minecraft.stone_axe":2,"stat.craftItem.minecraft.iron_boots":1,"stat.killEntity.thebetweenlands.dark_druid":6,"stat.craftItem.minecraft.stone_pickaxe":1,"stat.craftItem.minecraft.cooked_beef":22,"stat.mineBlock.minecraft.obsidian":20,"stat.pickup.minecraft.cobblestone":261,"stat.flyOneCm":190574,"stat.pickup.minecraft.sandstone":24,"stat.mineBlock.minecraft.sand":5,"stat.drop.minecraft.wheat_seeds":25,"stat.useItem.minecraft.cooked_beef":17,"stat.mineBlock.minecraft.iron_ore":40,"stat.craftItem.minecraft.book":1,"stat.timeSinceDeath":5752,"stat.pickup.minecraft.stained_hardened_clay":6,"stat.pickup.minecraft.mutton":9,"stat.pickup.minecraft.double_plant":3,"stat.craftItem.minecraft.bed":1,"stat.pickup.thebetweenlands.items_misc":1,"stat.useItem.minecraft.potato":14,"stat.mineBlock.minecraft.vine":52,"stat.furnaceInteraction":83,"stat.mineBlock.minecraft.enchanting_table":1,"stat.killEntity.ZombieVillager":2,"stat.mineBlock.minecraft.coal_ore":44,"stat.killEntity.Creeper":2,"stat.pickup.minecraft.shield":1,"stat.pickup.minecraft.string":21,"stat.useItem.minecraft.double_plant":1,"stat.pickup.minecraft.beef":27,"stat.pickup.minecraft.furnace":1,"stat.mineBlock.thebetweenlands.log_weedwood":5,"stat.entityKilledBy.Skeleton":2,"stat.pickup.minecraft.sandstone_stairs":2,"stat.mineBlock.minecraft.stained_hardened_clay":1,"stat.sprintOneCm":293065,"stat.pickup.minecraft.paper":3,"stat.pickup.minecraft.iron_chestplate":1,"stat.craftItem.minecraft.stick":16,"stat.useItem.minecraft.wheat_seeds":23,"stat.mineBlock.minecraft.crafting_table":9,"stat.killEntity.Husk":5,"stat.useItem.minecraft.diamond_pickaxe":186,"stat.useItem.minecraft.carrot":3,"stat.pickup.minecraft.saddle":2,"stat.useItem.minecraft.dye":17,"stat.useItem.minecraft.bucket":29,"stat.deaths":3,"stat.drop":51,"stat.pickup.thebetweenlands.swamp_talisman":11,"stat.playOneMinute":135699,"stat.killEntity.Sheep":7,"stat.pickup.minecraft.slime_ball":7,"stat.entityKilledBy.thebetweenlands.lurker":1,"stat.craftItem.minecraft.diamond_pickaxe":1,"stat.killEntity.Zombie":2,"stat.craftItem.minecraft.dye":18,"stat.mineBlock.minecraft.gold_ore":4,"stat.mineBlock.minecraft.tallgrass":14,"stat.craftItem.minecraft.cooked_mutton":12,"stat.diveOneCm":26870,"stat.pickup.minecraft.wheat":27,"stat.chestOpened":10,"stat.pickup.minecraft.pumpkin":2,"stat.pickup.minecraft.arrow":6,"stat.pickup.minecraft.waterlily":1,"stat.craftItem.minecraft.cooked_porkchop":20,"stat.killEntity.Slime":6,"stat.pickup.minecraft.stone_axe":4,"stat.pickup.minecraft.obsidian":18,"stat.mineBlock.thebetweenlands.weedwood":2,"stat.useItem.minecraft.rotten_flesh":5,"stat.jump":1475,"stat.useItem.minecraft.sand":4,"stat.pickup.minecraft.coal":138,"stat.pickup.minecraft.iron_helmet":1,"stat.pickup.minecraft.iron_ingot":14,"stat.fallOneCm":31156,"stat.pickup.minecraft.carrot":32,"stat.useItem.minecraft.stone_axe":133,"stat.pickup.minecraft.gunpowder":58,"stat.craftItem.minecraft.bread":7,"stat.pickup.thebetweenlands.rotten_food":72,"stat.crouchOneCm":4083,"stat.pickup.minecraft.spider_eye":4,"stat.pickup.thebetweenlands.druid_stone_6":1,"stat.craftItem.minecraft.iron_ingot":42,"stat.craftItem.minecraft.iron_helmet":1,"stat.pickup.minecraft.dirt":1,"stat.pickup.thebetweenlands.druid_stone_1":2,"stat.craftingTableInteraction":38,"stat.pickup.minecraft.iron_ore":52,"stat.mineBlock.thebetweenlands.algae":7,"stat.pickup.minecraft.gold_ore":4,"stat.mineBlock.minecraft.lapis_ore":4,"stat.pickup.minecraft.iron_axe":2,"stat.mineBlock.minecraft.log2":3,"stat.damageTaken":2869,"stat.pickup.minecraft.leather":1,"stat.mineBlock.minecraft.torch":1,"stat.mineBlock.minecraft.furnace":1,"stat.mineBlock.minecraft.red_flower":1,"stat.mineBlock.minecraft.sapling":4,"stat.pickup.minecraft.log2":3,"stat.pickup.minecraft.dye":42,"stat.pickup.minecraft.planks":33,"stat.pickup.thebetweenlands.weedwood":2,"stat.pickup.minecraft.reeds":25,"stat.pickup.minecraft.iron_leggings":1,"stat.pickup.minecraft.bed":1,"stat.pickup.minecraft.wheat_seeds":180,"stat.pickup.minecraft.potato":25,"stat.useItem.minecraft.stone_pickaxe":59,"stat.craftItem.minecraft.iron_leggings":1,"stat.damageDealt":11691,"stat.sleepInBed":2,"stat.killEntity.Cow":15,"stat.useItem.minecraft.crafting_table":8,"stat.mineBlock.minecraft.dirt":6,"stat.killEntity.Pig":17,"stat.drop.minecraft.iron_axe":2,"stat.walkOneCm":367347,"stat.useItem.minecraft.bread":7,"stat.pickup.minecraft.golden_apple":2,"stat.pickup.minecraft.diamond_pickaxe":2,"stat.drop.minecraft.rotten_flesh":3,"stat.pickup.minecraft.crafting_table":15,"stat.useItem.minecraft.log":4,"stat.useItem.minecraft.cobblestone":34,"stat.craftItem.minecraft.crafting_table":1,"stat.mineBlock.thebetweenlands.druid_altar":1,"stat.pickup.minecraft.log":110,"stat.pickup.minecraft.tnt":36,"stat.drop.thebetweenlands.swamp_talisman":1,"stat.drop.minecraft.planks":16,"stat.pickup.minecraft.stone":2,"stat.craftItem.minecraft.iron_chestplate":1,"stat.pickup.thebetweenlands.log_weedwood":4,"stat.pickup.minecraft.sapling":7,"stat.pickup.minecraft.wooden_door":3,"stat.pickup.minecraft.cooked_beef":7,"stat.pickup.minecraft.apple":3,"stat.pickup.minecraft.gold_ingot":17,"stat.killEntity.Skeleton":3,"stat.pickup.minecraft.beetroot":10,"stat.mineBlock.minecraft.tnt":9,"stat.craftItem.minecraft.bucket":1,"stat.craftItem.minecraft.planks":68,"stat.pickup.thebetweenlands.swamp_reed_item":1,"stat.itemEnchanted":1,"stat.drop.minecraft.crafting_table":1,"stat.killEntity.Spider":4,"stat.pickup.minecraft.bread":3,"stat.mobKills":72,"stat.mineBlock.minecraft.log":86,"stat.mineBlock.minecraft.waterlily":1,"stat.pickup.minecraft.diamond":7,"stat.pickup.minecraft.beetroot_seeds":36,"stat.mineBlock.minecraft.leaves":17,"stat.craftItem.minecraft.paper":6,"stat.pickup.minecraft.torch":5,"stat.pickup.minecraft.red_flower":2,"stat.sneakTime":3820,"stat.pickup.minecraft.wool":3,"stat.drop.minecraft.stone_axe":1,"stat.mineBlock.minecraft.stone":98,"stat.useItem.minecraft.beetroot":5,"stat.useItem.minecraft.sandstone":16,"stat.craftItem.minecraft.enchanting_table":1}