{"stat.chestOpened":10,"stat.drop.minecraft.stone_pickaxe":2,"stat.pickup.minecraft.pumpkin":2,"stat.pickup.minecraft.bone":22,"stat.useItem.minecraft.iron_axe":61,"stat.leaveGame":1,"stat.pickup.minecraft.arrow":2,"stat.mineBlock.minecraft.pumpkin":1,"stat.mineBlock.minecraft.cobblestone":3,"stat.pickup.minecraft.stone_pickaxe":4,"stat.pickup.minecraft.stone_axe":4,"stat.craftItem.minecraft.iron_axe":1,"stat.pickup.minecraft.obsidian":18,"stat.mineBlock.minecraft.sandstone":10,"stat.useItem.minecraft.rotten_flesh":5,"stat.swimOneCm":20973,"stat.jump":806,"stat.useItem.minecraft.sand":4,"stat.pickup.minecraft.coal":88,"stat.fallOneCm":16509,"stat.pickup.minecraft.enchanted_book":3,"stat.useItem.minecraft.planks":3,"stat.pickup.minecraft.iron_ingot":3,"stat.craftItem.minecraft.shield":1,"stat.pickup.minecraft.carrot":32,"stat.useItem.minecraft.stone_axe":133,"stat.craftItem.minecraft.bread":7,"stat.pickup.minecraft.gunpowder":38,"stat.crouchOneCm":2563,"stat.pickup.minecraft.spider_eye":4,"stat.craftItem.minecraft.iron_ingot":42,"stat.craftItem.minecraft.iron_helmet":1,"stat.useItem.minecraft.stone_slab2":11,"stat.useItem.minecraft.water_bucket":25,"stat.craftingTableInteraction":28,"stat.pickup.minecraft.iron_ore":38,"stat.pickup.minecraft.rotten_flesh":10,"stat.pickup.minecraft.sand":14,"stat.craftItem.minecraft.furnace":1,"stat.pickup.minecraft.gold_ore":4,"stat.mineBlock.minecraft.lapis_ore":4,"stat.pickup.minecraft.enchanting_table":1,"stat.craftItem.minecraft.stone_axe":2,"stat.craftItem.minecraft.iron_boots":1,"stat.mineBlock.minecraft.log2":3,"stat.damageTaken":1713,"stat.pickup.minecraft.leather":1,"stat.craftItem.minecraft.stone_pickaxe":1,"stat.mineBlock.minecraft.torch":1,"stat.mineBlock.minecraft.furnace":1,"stat.mineBlock.minecraft.obsidian":20,"stat.pickup.minecraft.cobblestone":194,"stat.mineBlock.minecraft.sapling":1,"stat.pickup.minecraft.log2":3,"stat.pickup.minecraft.dye":22,"stat.pickup.minecraft.planks":33,"stat.pickup.minecraft.reeds":24,"stat.flyOneCm":96865,"stat.pickup.minecraft.sandstone":24,"stat.pickup.minecraft.wheat_seeds":152,"stat.mineBlock.minecraft.sand":2,"stat.pickup.minecraft.potato":25,"stat.useItem.minecraft.stone_pickaxe":59,"stat.useItem.minecraft.cooked_beef":6,"stat.craftItem.minecraft.iron_leggings":1,"stat.damageDealt":5502,"stat.mineBlock.minecraft.iron_ore":40,"stat.craftItem.minecraft.book":1,"stat.timeSinceDeath":45888,"stat.killEntity.Cow":15,"stat.useItem.minecraft.crafting_table":7,"stat.mineBlock.minecraft.dirt":2,"stat.pickup.minecraft.stained_hardened_clay":6,"stat.walkOneCm":187583,"stat.useItem.minecraft.bread":5,"stat.pickup.minecraft.golden_apple":2,"stat.useItem.minecraft.potato":14,"stat.pickup.minecraft.diamond_pickaxe":1,"stat.pickup.minecraft.crafting_table":14,"stat.useItem.minecraft.cobblestone":27,"stat.furnaceInteraction":34,"stat.craftItem.minecraft.crafting_table":1,"stat.mineBlock.minecraft.enchanting_table":1,"stat.killEntity.ZombieVillager":2,"stat.mineBlock.minecraft.coal_ore":44,"stat.killEntity.Creeper":2,"stat.pickup.minecraft.log":14,"stat.pickup.minecraft.string":21,"stat.pickup.minecraft.beef":27,"stat.pickup.minecraft.tnt":27,"stat.pickup.minecraft.furnace":1,"stat.entityKilledBy.Skeleton":2,"stat.drop.minecraft.planks":16,"stat.pickup.minecraft.stone":2,"stat.craftItem.minecraft.iron_chestplate":1,"stat.pickup.minecraft.sandstone_stairs":2,"stat.pickup.minecraft.sapling":2,"stat.mineBlock.minecraft.stained_hardened_clay":1,"stat.sprintOneCm":152129,"stat.pickup.minecraft.wooden_door":3,"stat.pickup.minecraft.cooked_beef":7,"stat.craftItem.minecraft.stick":12,"stat.pickup.minecraft.gold_ingot":10,"stat.killEntity.Skeleton":3,"stat.pickup.minecraft.beetroot":10,"stat.mineBlock.minecraft.tnt":9,"stat.craftItem.minecraft.bucket":1,"stat.craftItem.minecraft.planks":40,"stat.itemEnchanted":1,"stat.useItem.minecraft.wheat_seeds":23,"stat.drop.minecraft.crafting_table":1,"stat.mineBlock.minecraft.crafting_table":9,"stat.killEntity.Spider":4,"stat.killEntity.Husk":5,"stat.pickup.minecraft.bread":3,"stat.useItem.minecraft.diamond_pickaxe":177,"stat.useItem.minecraft.carrot":3,"stat.mobKills":34,"stat.pickup.minecraft.saddle":2,"stat.useItem.minecraft.bucket":26,"stat.deaths":2,"stat.pickup.minecraft.diamond":7,"stat.drop":20,"stat.pickup.minecraft.beetroot_seeds":36,"stat.craftItem.minecraft.paper":6,"stat.playOneMinute":74499,"stat.pickup.minecraft.torch":5,"stat.killEntity.Sheep":1,"stat.sneakTime":2698,"stat.craftItem.minecraft.diamond_pickaxe":1,"stat.drop.minecraft.stone_axe":1,"stat.mineBlock.minecraft.stone":98,"stat.mineBlock.minecraft.gold_ore":4,"stat.mineBlock.minecraft.tallgrass":3,"stat.diveOneCm":8917,"stat.useItem.minecraft.beetroot":5,"stat.useItem.minecraft.sandstone":16,"stat.pickup.minecraft.wheat":25,"stat.craftItem.minecraft.enchanting_table":1}