{"stat.chestOpened":10,"stat.drop.minecraft.stone_pickaxe":1,"stat.pickup.minecraft.pumpkin":2,"stat.walkOneCm":71368,"stat.pickup.minecraft.bone":16,"stat.useItem.minecraft.bread":2,"stat.pickup.minecraft.golden_apple":1,"stat.leaveGame":1,"stat.pickup.minecraft.crafting_table":6,"stat.mineBlock.minecraft.pumpkin":1,"stat.useItem.minecraft.cobblestone":5,"stat.pickup.minecraft.stone_pickaxe":2,"stat.craftItem.minecraft.crafting_table":1,"stat.furnaceInteraction":2,"stat.pickup.minecraft.stone_axe":1,"stat.killEntity.ZombieVillager":2,"stat.mineBlock.minecraft.coal_ore":44,"stat.mineBlock.minecraft.sandstone":10,"stat.pickup.minecraft.string":11,"stat.pickup.minecraft.log":7,"stat.swimOneCm":6733,"stat.jump":378,"stat.useItem.minecraft.sand":4,"stat.pickup.minecraft.coal":44,"stat.fallOneCm":9777,"stat.pickup.minecraft.enchanted_book":2,"stat.pickup.minecraft.tnt":18,"stat.entityKilledBy.Skeleton":1,"stat.pickup.minecraft.carrot":1,"stat.useItem.minecraft.stone_axe":128,"stat.craftItem.minecraft.bread":2,"stat.pickup.minecraft.gunpowder":18,"stat.crouchOneCm":85,"stat.pickup.minecraft.spider_eye":2,"stat.pickup.minecraft.sandstone_stairs":1,"stat.pickup.minecraft.sapling":2,"stat.mineBlock.minecraft.stained_hardened_clay":1,"stat.sprintOneCm":67290,"stat.pickup.minecraft.wooden_door":2,"stat.useItem.minecraft.stone_slab2":4,"stat.pickup.minecraft.cooked_beef":7,"stat.craftItem.minecraft.stick":8,"stat.craftingTableInteraction":4,"stat.pickup.minecraft.gold_ingot":3,"stat.pickup.minecraft.rotten_flesh":10,"stat.pickup.minecraft.sand":9,"stat.pickup.minecraft.beetroot":5,"stat.mineBlock.minecraft.tnt":9,"stat.craftItem.minecraft.planks":12,"stat.craftItem.minecraft.stone_axe":1,"stat.useItem.minecraft.wheat_seeds":23,"stat.drop.minecraft.crafting_table":1,"stat.mineBlock.minecraft.log2":3,"stat.damageTaken":980,"stat.mineBlock.minecraft.crafting_table":3,"stat.killEntity.Spider":2,"stat.killEntity.Husk":5,"stat.pickup.minecraft.bread":2,"stat.useItem.minecraft.diamond_pickaxe":6,"stat.craftItem.minecraft.stone_pickaxe":1,"stat.mineBlock.minecraft.sapling":1,"stat.pickup.minecraft.cobblestone":86,"stat.mobKills":12,"stat.pickup.minecraft.saddle":1,"stat.pickup.minecraft.log2":3,"stat.pickup.minecraft.planks":6,"stat.pickup.minecraft.reeds":16,"stat.flyOneCm":62181,"stat.pickup.minecraft.sandstone":21,"stat.deaths":1,"stat.pickup.minecraft.wheat_seeds":91,"stat.pickup.minecraft.diamond":5,"stat.drop":2,"stat.mineBlock.minecraft.sand":2,"stat.pickup.minecraft.beetroot_seeds":18,"stat.pickup.minecraft.potato":14,"stat.playOneMinute":24099,"stat.pickup.minecraft.torch":2,"stat.useItem.minecraft.stone_pickaxe":59,"stat.useItem.minecraft.cooked_beef":6,"stat.sneakTime":89,"stat.damageDealt":2690,"stat.craftItem.minecraft.diamond_pickaxe":1,"stat.timeSinceDeath":7087,"stat.useItem.minecraft.crafting_table":1,"stat.pickup.minecraft.stained_hardened_clay":4,"stat.mineBlock.minecraft.tallgrass":1,"stat.diveOneCm":2665,"stat.useItem.minecraft.sandstone":16,"stat.pickup.minecraft.wheat":11}