{"stat.chestOpened":10,"stat.drop.minecraft.stone_pickaxe":1,"stat.pickup.minecraft.pumpkin":2,"stat.pickup.minecraft.bone":16,"stat.leaveGame":1,"stat.mineBlock.minecraft.pumpkin":1,"stat.pickup.minecraft.stone_pickaxe":3,"stat.pickup.minecraft.stone_axe":4,"stat.mineBlock.minecraft.sandstone":10,"stat.useItem.minecraft.rotten_flesh":5,"stat.swimOneCm":12567,"stat.jump":468,"stat.useItem.minecraft.sand":4,"stat.pickup.minecraft.coal":88,"stat.fallOneCm":12301,"stat.pickup.minecraft.enchanted_book":3,"stat.useItem.minecraft.planks":3,"stat.pickup.minecraft.iron_ingot":2,"stat.pickup.minecraft.carrot":1,"stat.useItem.minecraft.stone_axe":133,"stat.craftItem.minecraft.bread":3,"stat.pickup.minecraft.gunpowder":36,"stat.crouchOneCm":456,"stat.pickup.minecraft.spider_eye":3,"stat.craftItem.minecraft.iron_ingot":14,"stat.craftItem.minecraft.iron_helmet":1,"stat.useItem.minecraft.stone_slab2":8,"stat.craftingTableInteraction":13,"stat.pickup.minecraft.iron_ore":24,"stat.pickup.minecraft.rotten_flesh":10,"stat.pickup.minecraft.sand":13,"stat.craftItem.minecraft.furnace":1,"stat.pickup.minecraft.gold_ore":4,"stat.craftItem.minecraft.stone_axe":2,"stat.mineBlock.minecraft.log2":3,"stat.damageTaken":1420,"stat.craftItem.minecraft.stone_pickaxe":1,"stat.mineBlock.minecraft.torch":1,"stat.mineBlock.minecraft.furnace":1,"stat.pickup.minecraft.cobblestone":99,"stat.mineBlock.minecraft.sapling":1,"stat.pickup.minecraft.log2":3,"stat.pickup.minecraft.planks":10,"stat.pickup.minecraft.reeds":24,"stat.flyOneCm":67634,"stat.pickup.minecraft.sandstone":22,"stat.pickup.minecraft.wheat_seeds":128,"stat.mineBlock.minecraft.sand":2,"stat.pickup.minecraft.potato":25,"stat.useItem.minecraft.stone_pickaxe":59,"stat.useItem.minecraft.cooked_beef":6,"stat.craftItem.minecraft.iron_leggings":1,"stat.damageDealt":2832,"stat.mineBlock.minecraft.iron_ore":24,"stat.timeSinceDeath":8088,"stat.useItem.minecraft.crafting_table":3,"stat.pickup.minecraft.stained_hardened_clay":6,"stat.walkOneCm":99011,"stat.useItem.minecraft.bread":2,"stat.pickup.minecraft.golden_apple":2,"stat.useItem.minecraft.potato":8,"stat.pickup.minecraft.diamond_pickaxe":1,"stat.pickup.minecraft.crafting_table":10,"stat.useItem.minecraft.cobblestone":5,"stat.furnaceInteraction":21,"stat.craftItem.minecraft.crafting_table":1,"stat.killEntity.ZombieVillager":2,"stat.mineBlock.minecraft.coal_ore":44,"stat.pickup.minecraft.log":14,"stat.pickup.minecraft.string":19,"stat.pickup.minecraft.tnt":27,"stat.pickup.minecraft.furnace":1,"stat.entityKilledBy.Skeleton":2,"stat.pickup.minecraft.sandstone_stairs":2,"stat.pickup.minecraft.sapling":2,"stat.mineBlock.minecraft.stained_hardened_clay":1,"stat.sprintOneCm":83995,"stat.pickup.minecraft.wooden_door":3,"stat.pickup.minecraft.cooked_beef":7,"stat.craftItem.minecraft.stick":12,"stat.pickup.minecraft.gold_ingot":10,"stat.pickup.minecraft.beetroot":10,"stat.mineBlock.minecraft.tnt":9,"stat.craftItem.minecraft.bucket":1,"stat.craftItem.minecraft.planks":40,"stat.useItem.minecraft.wheat_seeds":23,"stat.drop.minecraft.crafting_table":1,"stat.mineBlock.minecraft.crafting_table":5,"stat.killEntity.Spider":2,"stat.killEntity.Husk":5,"stat.pickup.minecraft.bread":3,"stat.useItem.minecraft.diamond_pickaxe":38,"stat.mobKills":12,"stat.pickup.minecraft.saddle":2,"stat.useItem.minecraft.bucket":1,"stat.deaths":2,"stat.pickup.minecraft.diamond":7,"stat.drop":3,"stat.pickup.minecraft.beetroot_seeds":36,"stat.playOneMinute":36699,"stat.pickup.minecraft.torch":4,"stat.sneakTime":254,"stat.craftItem.minecraft.diamond_pickaxe":1,"stat.drop.minecraft.stone_axe":1,"stat.mineBlock.minecraft.stone":3,"stat.mineBlock.minecraft.gold_ore":4,"stat.mineBlock.minecraft.tallgrass":1,"stat.diveOneCm":2818,"stat.useItem.minecraft.sandstone":16,"stat.pickup.minecraft.wheat":13}